id;id_formulaire;nom_formulaire;date_formulaire;actif;formulaire_consentement_texte;formulaire_consentement_pdf;formulaire_consentement_pdf_content_type;formulaire_consentement_url
1;Borders Borders Practical;methodical;Pakistan;false;../fake-data/blob/hipster.txt;../fake-data/blob/hipster.png;image/png;Data neural Wooden
2;Cambridgeshire Tasty Rubber Car mindshare;Guam bandwidth Liaison;program Auto Loan Account Refined;false;../fake-data/blob/hipster.txt;../fake-data/blob/hipster.png;image/png;Algerian Dinar Fantastic Fresh Salad
3;Steel Avon Visionary;exploit transition;User-centric Principal Pennsylvania;false;../fake-data/blob/hipster.txt;../fake-data/blob/hipster.png;image/png;bandwidth Buckinghamshire
4;Oklahoma communities;array supply-chains Advanced;Parkway Handmade Wooden Cheese;false;../fake-data/blob/hipster.txt;../fake-data/blob/hipster.png;image/png;payment synthesize Idaho
5;seize Glen Refined;Mandatory Assistant;Strategist;true;../fake-data/blob/hipster.txt;../fake-data/blob/hipster.png;image/png;success
6;Tuvalu;Senior Optional Yemeni Rial;Central African Republic;true;../fake-data/blob/hipster.txt;../fake-data/blob/hipster.png;image/png;Dalasi
7;Orchestrator Naira;Legacy Unbranded Plastic Chips;Unbranded Cotton Table Generic B2B;false;../fake-data/blob/hipster.txt;../fake-data/blob/hipster.png;image/png;withdrawal
8;one-to-one Indiana;holistic;Architect;true;../fake-data/blob/hipster.txt;../fake-data/blob/hipster.png;image/png;Falkland Islands (Malvinas)
9;schemas;Pound Sterling Keyboard;Licensed Usability models;true;../fake-data/blob/hipster.txt;../fake-data/blob/hipster.png;image/png;District Unbranded
10;EXE Rustic Steel Shirt drive;Ways Liaison engage;disintermediate Assistant generating;true;../fake-data/blob/hipster.txt;../fake-data/blob/hipster.png;image/png;Bypass
