id;first_name;last_name;email;phone_number
1;Jose;Rippin;Kaycee_Kerluke@yahoo.com;Gorgeous Rubber Pants Cheese
2;Blanche;Ankunding;Bettye9@yahoo.com;solution
3;Wilfrid;Prosacco;Jaren76@gmail.com;online e-business
4;Jamar;Kemmer;Granville_Beahan@yahoo.com;HTTP explicit
5;Adrienne;Muller;Jo_Kutch65@hotmail.com;Soap Tasty Metal Sausages Outdoors
6;Kyle;Nicolas;Presley.Marvin57@hotmail.com;Granite haptic
7;Reggie;Weissnat;Gerry_Schuppe90@yahoo.com;black
8;Ansel;Eichmann;Gavin9@gmail.com;Gourde US Dollar Handcrafted Plastic Shirt
9;Rosalyn;Parker;Evalyn28@gmail.com;Metal Rupiah
10;Logan;Weber;Alison_Rice@hotmail.com;intermediate Table quantify
